{
    "loss": 2.044788360595703,
    "accuracy": 0.5395683646202087
}