{
    "loss": 2.363908290863037,
    "accuracy": 0.8273381590843201
}