{
    "loss": 4.063456058502197,
    "accuracy": 0.5035971403121948
}